<!-- [ Mirror metadata ] generatedAt: 1493301629173 -->
<!-- Generated screen file. Fill the id tags below with content with
which to populate your previewed layout. For a complete specification
of sample data, please see http://jimulabs.com/sample-data-specifications/ 

Valid attributes on <screen> tag: theme="@style/someTheme" inEditMode="false" overlay="@drawable/mockup" -->
<screen>
    <_content layout="@layout/activity_on_boarding">
        <container>
            <!-- Add pages to your ViewPager here like so:
            <_page title="page title" icon="@drawable/my_icon"/>
            <_page layout="@layout/my_page_layout">
                <my_image_view src="@drawable/my_image"/>
            </_page>
            -->
        </container>
        <!-- ImageView Examples:
        <imageViewIndicator0 src="@drawable/image_resource" />
        <imageViewIndicator0 src="relative_path/image.jpg" /> -->
        <imageViewIndicator0 />
        <imageViewIndicator1 />
        <imageViewIndicator2 />
    </_content>
</screen>
