<!-- [ Mirror metadata ] generatedAt: 1493301629171 -->
<!-- Generated screen file. Fill the id tags below with content with
which to populate your previewed layout. For a complete specification
of sample data, please see http://jimulabs.com/sample-data-specifications/ 

Valid attributes on <screen> tag: theme="@style/someTheme" inEditMode="false" overlay="@drawable/mockup" -->
<screen>
    <_content layout="@layout/edit_actions_sheet">
        <!-- TextView Examples:
        <bg text="@string/string_resource" />
        <bg text="Text literal" textSize="14sp" /> -->
        <bg />
        <!-- ImageView Examples:
        <imageView src="@drawable/image_resource" />
        <imageView src="relative_path/image.jpg" /> -->
        <imageView />
        <textView />
    </_content>
</screen>
